<?xml version="1.0" encoding="UTF-8" standalone="yes"?>
<addon id="script.philips-as111" name="Philips AS111/12 Remote" version="2.0.0" provider-name="Heckie">
	<requires>
		<import addon="xbmc.python" version="3.0.0" />
		<import addon="script.module.pyserial" version="3.4.0+matrix.2" />
	</requires>
	<extension point="xbmc.python.script" library="context_as111.py"/>
	<extension point="kodi.context.item">
		<menu id="kodi.core.main">
			<item library="context_as111.py">
				<label>32001</label>
				<visible>true</visible>
			</item>
		</menu>
	</extension>
	<extension point="xbmc.addon.metadata">
		<summary lang="en_GB">Addon for controlling volume of Philips AS111/12 dockingstation in Kodi</summary>
		<summary lang="de_DE">Addon um die Lautstärke der Dockingstatin Philips AS111/12 zu regeln</summary>
		<description lang="en_GB">Addon for controlling volume of Philips AS111/12 dockingstation in Kodi</description>
		<description lang="de_DE">Addon um die Lautstärke der Dockingstatin Philips AS111/12 zu regeln</description>
		<platform>linux windows</platform>
		<license>MIT</license>
		<website>https://github.com/Heckie75/kodi-addon-as111</website>
		<source>https://github.com/Heckie75/kodi-addon-as111/tree/master/plugin.audio.as111-remote</source>
		<forum>https://github.com/Heckie75/kodi-addon-as111/issues</forum>
		<news>
		- v2.0.0 (2021-02-20) Migration to Kodi v19 alias Matrix
		</news>
		<assets>
			<icon>resources/assets/icon.png</icon>
			<fanart>resources/assets/fanart.png</fanart>
			<screenshot>resources/assets/screenshot.png</screenshot>
		</assets>
	</extension>
</addon>
