<?xml version="1.0" encoding="UTF-8" standalone="yes"?>
<addon id="plugin.audio.as111-remote" name="Philips AS111/12 Remote" version="0.0.1"
	provider-name="Heckie">
	<requires>
		<import addon="xbmc.python" version="2.7.0" />
		<import addon="xmbc.gui" version="5.12.0" />
		<import addon="xmbc.json" version="7.0.0" />
		<import addon="xmbc.metadata" version="2.1.0" />
		<import addon="xmbc.addon" version="17.0.0" />
	</requires>
	<extension point="xbmc.python.pluginsource" library="addon.py">
		<provides>audio</provides>
	</extension>
	<extension point="xbmc.addon.metadata">
		<summary lang="en_gb">Addon for controlling volume of Philips AS111/12 dockingstation in Kodi</summary>
		<description lang="en_gb">Addon for controlling volume of Philips AS111/12 dockingstation in Kodi</description>
		<disclaimer lang="en_gb"></disclaimer>
		<language></language>
		<platform>linux</platform>
		<license></license>
		<forum></forum>
		<website></website>
		<email></email>
		<source></source>
		<news>v0.0.1 (2020-05-15)
		</news>
		<assets>
			<icon>resources/assets/fanart_1.jpg</icon>
			<fanart>resources/assets/fanart_1.jpg</fanart>
			<screenshot>resources/assets/fanart_1.jpg</screenshot>
			<screenshot>resources/assets/fanart_2.jpg</screenshot>
			<screenshot>resources/assets/fanart_3.jpg</screenshot>
		</assets>
	</extension>
</addon>
